{
  "test_time": 9.147008,
  "localization_time": 0.00049
}